<?xml version="1.0" encoding="UTF-8"?>

<Installation>


    <!-- Variables not defined in this file that are replaced internally by the installer: -->
    <!-- $(ProgramFiles)                                                                   -->
    <!-- $(StartMenuPrograms)                                                              -->
    <!-- $(Desktop)                                                                        -->
     
    <Variables>
        <Variable>
            <VarName>ProductName</VarName>
            <VarValue>LCM SDK Example Installation</VarValue>
        </Variable>
        <Variable>
            <VarName>ShortProductName</VarName>
            <VarValue>Example</VarValue>
        </Variable>
        <Variable>
            <VarName>ProductVersion</VarName>
            <VarValue>11.22.33</VarValue>
        </Variable>
        <Variable>
            <VarName>ProductKey</VarName>
            <VarValue>EXMPL</VarValue>
        </Variable>
    </Variables>
    
    <Product>
        <ProductKey>$(ProductKey)</ProductKey>
        <ProductName>$(ProductName)</ProductName>
        <ShortProductName>$(ShortProductName)</ShortProductName>
        <License>LICENSE</License>
    </Product>
    
    <Parameters>
        <ParamsWindows>
            <Parameter>
                <ID>InstallationPath</ID>
                <opt>path</opt>
                <type>path</type>
                <str>Installation path</str>
                <value></value>
                <default>$(ProgramFiles)\sap\$(ShortProductName)</default>
                <init_with_default>0</init_with_default>
                <set_interactive>1</set_interactive>
                <mandatory>1</mandatory>
            </Parameter>
            <Parameter>
                <ID>AStringParam</ID>
                <opt>stringParam</opt>
                <type>string</type>
                <str>Example String Parameter</str>
                <value></value>
                <default></default>
                <init_with_default>1</init_with_default>
                <set_interactive>1</set_interactive>
                <mandatory>1</mandatory>
            </Parameter>
        </ParamsWindows>
        <ParamsUNIX>
            <Parameter>
                <ID>InstallationPath</ID>
                <opt>path</opt>
                <type>path</type>
                <str>Installation path</str>
                <value></value>
                <default>$(ProgramFiles)/sap/$(ShortProductName)</default>
                <init_with_default>0</init_with_default>
                <set_interactive>1</set_interactive>
                <mandatory>1</mandatory>
            </Parameter>
            <Parameter>
                <ID>AStringParam</ID>
                <opt>stringParam</opt>
                <type>string</type>
                <str>Example String Parameter</str>
                <value></value>
                <default></default>
                <init_with_default>1</init_with_default>
                <set_interactive>1</set_interactive>
                <mandatory>1</mandatory>
            </Parameter>
        </ParamsUNIX>
    </Parameters>
    

</Installation>
